slug	bytes	sha256	pages	page1_pt	title	published	producer	origin
empty-title	2359	53f02deb58912d66d33016979e9540e672cc8afaca9919e948d7a6d600064805	1	595x842	empty-title	2026-09-21T05:07:18Z	Ghostscript 9.55	synthesised (PLAN-13 planning): Info /Title is the empty string, so the file-name rung answers
encrypted-empty-user-password	4098	7f50818c6f71d2ec34c4590257753e0e523b3900fff3c884d92a289ccc825699	3	595x842	encrypted-empty-user-password	2026-09-21T04:59:29Z	Ghostscript 9.55	synthesised: RC4-encrypted with an empty user password; opens, but its strings are ciphertext, so the file-name rung answers
html-in-disguise	122	-	-	-	-	-	-	synthesised: an HTML page served under a .pdf name; not a document at all
letter-margins	3739	4593d13d716a30c761027166bd6bb124de35eb4d74b650178a2c7560ee2a8700	3	612x792	Letter margins: a (quoted) title	2026-09-21T04:59:29Z	Ghostscript 9.55	synthesised: one-inch margins on US Letter, a literal-string title with escaped parentheses; the text-column fixture (ink spans x = 72..~540 of 612 pt)
mixed-sizes	3236	ce23f4151451171d2c64167b93da1b86f12f6362c88d933220dbff68de04d08a	3	595x842	Mixed page sizes	2026-09-21T04:59:29Z	Ghostscript 9.55	synthesised: A4, then a 300x200 pt page, then A4 — every page has its own aspect
nist-sp800-63-4	858054	2f5b107de218a0fc3fe7f7e91b2ece5babb001eda5745b7c568a3cc876002f2d	96	612x792	Digital Identity Guidelines	2025-07-15T21:27:57Z	GPL Ghostscript 10.00.0	https://nvlpubs.nist.gov/nistpubs/SpecialPublications/NIST.SP.800-63-4.pdf — US government work, public domain; PDF 1.7 whose Info dictionary lives inside a compressed object stream and whose XMP dc:title is the junk word "Print"
scan-image-only	16043	e32984712ac0aeabaca39f6699396beda90ee7346a68b7ef149bc56e327a3201	1	576x720	scan-image-only	2026-09-21T05:03:45Z	Pillow	synthesised: one JPEG page on a grey ground, no Info title — a scan; the text-column rule finds ink but no white margin
ssrn-6191618	870451	0a8e0e01c83e9b156a089a8e45d65af16551d9338c73cc5d59974d47b2075535	112	612x792	Who Profits from Prediction? Execution, not Information	2026-06-30T03:07:59Z	pdfTeX-1.40.27	the reader's own sample on issue #72 (SSRN working paper 6191618, Joshua Della Vedova); PDF 1.5 with object streams, Info /Title as a UTF-16BE hex string; SSRN itself answers 403 to every non-browser client, so it arrives by share, never by URL
two-column-landscape	3033	391f9f555f338e9a5fc9bb9a21d5b58631d8a8d38245d4742cb4b12597767beb	2	792x612	Two columns, landscape	2026-09-21T04:59:29Z	Ghostscript 9.55	synthesised: landscape page, two text columns; the ink bounds span both columns
